{
  "Portrait_Cable": {
    "x": 0.5035461,
    "y": 0.4859155
  },
  "Portrait_HydraSupport_Heal": {
    "x": 0.5035461,
    "y": 0.4883177
  },
  "Portrait_Negasonic": {
    "x": 0.5071428,
    "y": 0.5
  },
  "Portrait_Cyclops": {
    "x": 0.5035461,
    "y": 0.5
  },
  "Portrait_ShieldSupport_Heal": {
    "x": 0.5071428,
    "y": 0.4883177
  },
  "Portrait_ShieldOperative": {
    "x": 0.5035461,
    "y": 0.4953917
  },
  "Portrait_SpiderMan": {
    "x": 0.5071428,
    "y": 0.4859155
  },
  "Portrait_ShieldDmg_Defense": {
    "x": 0.5035461,
    "y": 0.4953917
  },
  "Portrait_Venom": {
    "x": 0.5035461,
    "y": 0.4834906
  },
  "Portrait_KreeTank_Counter": {
    "x": 0.5035461,
    "y": 0.5022727
  },
  "Portrait_Ultron": {
    "x": 0.5035461,
    "y": 0.5
  },
  "Portrait_Zemo": {
    "x": 0.5035461,
    "y": 0.4834906
  },
  "Portrait_NickFury": {
    "x": 0.5035461,
    "y": 0.4953917
  },
  "Portrait_Shatterstar": {
    "x": 0.5034965,
    "y": 0.4883177
  },
  "Portrait_HandTank_Stealth": {
    "x": 0.5035461,
    "y": 0.4953917
  },
  "Portrait_RavagerTank_Taunt": {
    "x": 0.5035461,
    "y": 0.4953917
  },
  "Portrait_LukeCage": {
    "x": 0.5035461,
    "y": 0.4883177
  },
  "Portrait_Thor": {
    "x": 0.5035461,
    "y": 0.4977064
  },
  "Portrait_Killmonger": {
    "x": 0.5035461,
    "y": 0.5022727
  },
  "Portrait_Rhino": {
    "x": 0.5,
    "y": 0.5022727
  },
  "Portrait_Taskmaster": {
    "x": 0.5035461,
    "y": 0.4859155
  },
  "Portrait_Yelena": {
    "x": 0.5035461,
    "y": 0.4834906
  },
  "Portrait_Crossbones": {
    "x": 0.5035461,
    "y": 0.4953917
  },
  "Portrait_Magneto": {
    "x": 0.5035461,
    "y": 0.5
  },
  "Portrait_Wolverine": {
    "x": 0.5035461,
    "y": 0.5022727
  },
  "Portrait_HydraTank_Taunt": {
    "x": 0.5035461,
    "y": 0.4953917
  },
  "Portrait_AimDmg_Speed": {
    "x": 0.5035461,
    "y": 0.4906977
  },
  "Portrait_InvisibleWoman": {
    "x": 0.5035461,
    "y": 0.4930556
  },
  "Portrait_GhostRider": {
    "x": 0.5035461,
    "y": 0.5022727
  },
  "Portrait_HandDmg_Unbuff": {
    "x": 0.5035461,
    "y": 0.4906977
  },
  "Portrait_Pyro": {
    "x": 0.5035461,
    "y": 0.5022727
  },
  "Portrait_MercDmg_Single": {
    "x": 0.5035461,
    "y": 0.5022727
  },
  "Portrait_Hawkeye": {
    "x": 0.5035461,
    "y": 0.4859155
  },
  "Portrait_MercTank_Debuff": {
    "x": 0.5035461,
    "y": 0.4906977
  },
  "Portrait_UltronDmg_Defense": {
    "x": 0.5035461,
    "y": 0.4834906
  },
  "Portrait_MercSupport_Buffs": {
    "x": 0.5035461,
    "y": 0.4906977
  },
  "Portrait_Ghost": {
    "x": 0.5034965,
    "y": 0.4834906
  },
  "Portrait_Juggernaut": {
    "x": 0.5,
    "y": 0.4953917
  },
  "Portrait_BaronMordo": {
    "x": 0.5035461,
    "y": 0.4977064
  },
  "Portrait_Scream": {
    "x": 0.5034965,
    "y": 0.5022727
  },
  "Portrait_RavagerSupport_Heal": {
    "x": 0.5035461,
    "y": 0.5022727
  },
  "Portrait_Swarm": {
    "x": 0.5034965,
    "y": 0.4930556
  },
  "Portrait_Hulk": {
    "x": 0.5035461,
    "y": 0.5
  },
  "Portrait_Stature": {
    "x": 0.5071428,
    "y": 0.4906977
  },
  "Portrait_IronMan": {
    "x": 0.5035461,
    "y": 0.4906977
  },
  "Portrait_RavagerDmg_AoE": {
    "x": 0.5035461,
    "y": 0.4953917
  },
  "Portrait_Domino": {
    "x": 0.4927536,
    "y": 0.5022727
  },
  "Portrait_Punisher": {
    "x": 0.5035461,
    "y": 0.4883177
  },
  "Portrait_KreeDmg_Offense": {
    "x": 0.5035461,
    "y": 0.5022727
  },
  "Portrait_Colossus": {
    "x": 0.5035461,
    "y": 0.4906977
  },
  "Portrait_MercTank_Taunt": {
    "x": 0.5035461,
    "y": 0.4834906
  },
  "Portrait_Stryfe": {
    "x": 0.5035461,
    "y": 0.5022727
  },
  "Portrait_WinterSoldier": {
    "x": 0.5035461,
    "y": 0.4953917
  },
  "Portrait_Deadpool": {
    "x": 0.5035461,
    "y": 0.4977064
  },
  "Portrait_Mysterio": {
    "x": 0.5144928,
    "y": 0.4977064
  },
  "Portrait_StarLord": {
    "x": 0.5071428,
    "y": 0.4906977
  },
  "Portrait_Daredevil": {
    "x": 0.5035461,
    "y": 0.4977064
  },
  "Portrait_HandDmg_Bonus": {
    "x": 0.5035461,
    "y": 0.4883177
  },
  "Portrait_UltGreenGoblin": {
    "x": 0.5220588,
    "y": 0.5068807
  },
  "Portrait_CorvusGlaive": {
    "x": 0.5035461,
    "y": 0.5022727
  },
  "Portrait_Yondu": {
    "x": 0.5035461,
    "y": 0.5022727
  },
  "Portrait_UltronOperator": {
    "x": 0.5035461,
    "y": 0.5
  },
  "Portrait_Korath": {
    "x": 0.5035461,
    "y": 0.4859155
  },
  "Portrait_ElsaBloodstone": {
    "x": 0.5035461,
    "y": 0.5022727
  },
  "Portrait_Yellowjacket": {
    "x": 0.5035461,
    "y": 0.5
  },
  "Portrait_Falcon": {
    "x": 0.5035461,
    "y": 0.4859155
  },
  "Portrait_Vulture": {
    "x": 0.5035461,
    "y": 0.4977064
  },
  "Portrait_Hela": {
    "x": 0.5035461,
    "y": 0.5022727
  },
  "Portrait_MrFantastic": {
    "x": 0.5035461,
    "y": 0.4953917
  },
  "Portrait_Ronan": {
    "x": 0.5035461,
    "y": 0.4906977
  },
  "Portrait_Blob": {
    "x": 0.4928571,
    "y": 0.4930556
  },
  "Portrait_Sif": {
    "x": 0.5182482,
    "y": 0.5022727
  },
  "Portrait_Beast": {
    "x": 0.5035461,
    "y": 0.5
  },
  "Portrait_Doom": {
    "x": 0.5035461,
    "y": 0.4834906
  },
  "Portrait_Toad": {
    "x": 0.5179856,
    "y": 0.5
  },
  "Portrait_Coulson": {
    "x": 0.5071428,
    "y": 0.5
  },
  "Portrait_AmericaChavez": {
    "x": 0.5071428,
    "y": 0.4883177
  },
  "Portrait_Loki": {
    "x": 0.5035461,
    "y": 0.5022727
  },
  "Portrait_Minerva": {
    "x": 0.5035461,
    "y": 0.5
  },
  "Portrait_IronFist": {
    "x": 0.5035461,
    "y": 0.4859155
  },
  "Portrait_AimDmg_Offense": {
    "x": 0.5035461,
    "y": 0.4834906
  },
  "Portrait_Longshot": {
    "x": 0.5035461,
    "y": 0.4977064
  },
  "Portrait_RedSkull": {
    "x": 0.5035461,
    "y": 0.4834906
  },
  "Portrait_CaptainMarvel": {
    "x": 0.5035461,
    "y": 0.4977064
  },
  "Portrait_Nobu": {
    "x": 0.5035461,
    "y": 0.4930556
  },
  "Portrait_Iceman": {
    "x": 0.5107914,
    "y": 0.5022727
  },
  "Portrait_ShieldTank_Stun": {
    "x": 0.5035461,
    "y": 0.4859155
  },
  "Portrait_BlackBolt": {
    "x": 0.5035461,
    "y": 0.5022727
  },
  "Portrait_WarMachine": {
    "x": 0.5035461,
    "y": 0.4810427
  },
  "Portrait_SymbioteSpiderMan": {
    "x": 0.4928571,
    "y": 0.4883177
  },
  "Portrait_CaptainAmerica": {
    "x": 0.5035461,
    "y": 0.4810427
  },
  "Portrait_RedGuardian": {
    "x": 0.5035461,
    "y": 0.4834906
  },
  "Portrait_CullObsidian": {
    "x": 0.5035461,
    "y": 0.5022727
  },
  "Portrait_Greg": {
    "x": 0.5035461,
    "y": 0.5022727
  },
  "Portrait_MBaku": {
    "x": 0.5035461,
    "y": 0.5
  },
  "Portrait_ShieldDmg_AoE": {
    "x": 0.5035461,
    "y": 0.4859155
  },
  "Portrait_Bullseye": {
    "x": 0.5035461,
    "y": 0.4834906
  },
  "Portrait_Gamora": {
    "x": 0.5035461,
    "y": 0.5
  },
  "Portrait_BlackPanther": {
    "x": 0.5035461,
    "y": 0.4953917
  },
  "Portrait_VIP_A": {
    "x": 0.5035461,
    "y": 0.4859155
  },
  "Portrait_Vision": {
    "x": 0.5035461,
    "y": 0.4810427
  },
  "Portrait_UltronTank_Taunt": {
    "x": 0.5035461,
    "y": 0.5022727
  },
  "Portrait_HydraDmg_AoE": {
    "x": 0.5035461,
    "y": 0.4859155
  },
  "Portrait_KreeDmg_Speed": {
    "x": 0.5107914,
    "y": 0.5
  },
  "Portrait_HandSupport_Heal": {
    "x": 0.5107914,
    "y": 0.4953917
  },
  "Portrait_EbonyMaw": {
    "x": 0.5071428,
    "y": 0.4906977
  },
  "Portrait_HydraDmg_Single": {
    "x": 0.5035461,
    "y": 0.4834906
  },
  "Portrait_MrSinister": {
    "x": 0.5035461,
    "y": 0.5
  },
  "Portrait_SquirrelGirl": {
    "x": 0.5035461,
    "y": 0.5022727
  },
  "Portrait_Namor": {
    "x": 0.5035461,
    "y": 0.5022727
  },
  "Portrait_AntiVenom": {
    "x": 0.5034965,
    "y": 0.5022727
  },
  "Portrait_Ultimus": {
    "x": 0.5035461,
    "y": 0.5
  },
  "Portrait_DoctorOctopus": {
    "x": 0.5035461,
    "y": 0.4906977
  },
  "Portrait_HydraDmg_Buff": {
    "x": 0.5035461,
    "y": 0.4953917
  },
  "Portrait_Drax": {
    "x": 0.5035461,